ID, studentID, point, valid, rstudentID, rpoint, crop, class
1, 18110644, 9.990000
2, 16110542, 1.450000
3, 18110332, 6.890000
4, 17110265, 9.130000
